Date,Electricity_Coal,Electricity_Natural_Gas,Electricity_Nuclear,Electricity_Other_Gas,Electricity_Petroleum,Energy_Wood,Electricity_Hydroelectric,Electricity_Geothermal,Electricity_Solar,Electricity_Waste,Electricity_Wind,Renewable,Non_Renewable
1973-01-01,75190.149,21184.967,6246.251,0,31183.619,5.157,26249.203,143.49,0,15.152,0,26407.845,133810.143
1973-02-01,67797.946,20252.525,5928.069,0,26086.952,15.138,23313.025,131.171,0,13.874,0,23458.07,120080.63
1973-03-01,67387.612,24043.248,6649.007,0,24033.245,17.94,25874.466,135.938,0,16.913,0,26027.317,122131.052
1973-04-01,63935.049,25030.266,5876.392,0,20195.424,6.323,24370.51,158.705,0,16.771,0,24545.986,115043.454
1973-05-01,64927.181,29755.984,5696.657,0,21741.975,4.589,25100.563,147.965,0,20.209,0,25268.737,122126.386
1973-06-01,69592.039,34627.356,6784.152,0,25999.512,3.707,24050.316,169.654,0,16.938,0,24236.908,137006.766
1973-07-01,75988.308,39171.261,6960.486,0,28728.259,3.821,22684.569,179.895,0,16.409,0,22880.873,150852.135
1973-08-01,78365.191,38890.546,7785.326,0,30745.665,15.159,21376.181,169.592,0,17.704,0,21563.477,155801.887
1973-09-01,71304.493,33118.166,7862.383,0,27109.009,19.924,17300.278,143.622,0,17.158,0,17461.058,139413.975
1973-10-01,70104.344,30688.93,7518.195,0,27224.244,18.564,18454.449,169.452,0,19.288,0,18643.189,135554.277
1973-11-01,69706.997,23717.377,8142.033,0,26124.562,9.174,20241.133,181.805,0,14.526,0,20437.464,127700.143
1973-12-01,73352.161,20377.565,8030.511,0,25170.459,10.907,26415.88,234.424,0,12.949,0,26663.253,126941.603
1974-01-01,73631.774,20728.02,7602.79,0,26198.955,10.676,29161.659,206.282,0,14.536,0,29382.477,128172.215
1974-02-01,66116.767,18941.924,8115.522,0,22564.916,3.687,26809.987,182.051,0,13.603,0,27005.641,115742.816
1974-03-01,67746.788,23628.456,8777.497,0,22136.383,3.404,27828.186,207.322,0,14.17,0,28049.678,122292.528
1974-04-01,62866.281,24029.361,7128.892,0,19940.913,10.355,28126.967,195.253,0,13.612,0,28335.832,113975.802
1974-05-01,67789.4,28325.25,6562.335,0,22682.163,11.103,28234.858,195.399,0,12.366,0,28442.623,125370.251
1974-06-01,67470.507,31727.856,7079.595,0,23064.936,9.564,26881.343,189.133,0,17.154,0,27087.63,129352.458
1974-07-01,76361.27,37214.571,10209.908,0,27725.762,0.466,26505.617,209.804,0,19.907,0,26735.328,151511.977
1974-08-01,74759.54,35350.593,12333.452,0,27201.402,2.967,24245.839,207.135,0,18.074,0,24471.048,149647.954
1974-09-01,65266.997,29348.424,11009.752,0,25047.795,11.63,21573.878,191.428,0,17.539,0,21782.845,130684.598
1974-10-01,66953.772,28263.526,10863.505,0,25701.39,1.738,20202.545,194.383,0,14.972,0,20411.9,131783.931
1974-11-01,66996.029,22735.948,11004.327,0,27758.192,1.86,21328.54,231.149,0,14.81,0,21574.499,128496.356
1974-12-01,72473.794,19771.16,13288.168,0,30907.732,1.072,23312.388,243.295,0,11.411,0,23567.094,136441.926
1975-01-01,74836.043,19689.283,13938.354,0,30632.234,0.738,25309.513,203.434,0,13.481,0,25526.428,139096.652
1975-02-01,67285.094,18049.671,12733.338,0,24923.842,1.018,24151.196,193.978,0,10.864,0,24356.038,122992.963
1975-03-01,69176.492,20098.711,14881.784,0,23122.664,0.588,28249.231,218.817,0,11.925,0,28479.973,127280.239
1975-04-01,64453.298,20323.206,13327.245,0,21257.994,0.195,26902.482,219.194,0,11.265,0,27132.941,119361.938
1975-05-01,64741.073,25707.482,13763.765,0,21050.282,0.897,28013.097,237.853,0,16.63,0,28267.58,125263.499
1975-06-01,70346.207,28830.399,12743.82,0,23062.398,2.721,27417.825,295.063,0,18.527,0,27731.415,134985.545
1975-07-01,76294.723,34181.9,15372.216,0,25132.477,0.366,25762.144,297.005,0,15.674,0,26074.823,150981.682
1975-08-01,78882.011,34041.236,15879.687,0,27957.786,1.506,22828.868,322.05,0,17.748,0,23168.666,156762.226
1975-09-01,68558.859,30020.384,14396.011,0,21426.066,3.089,20737.409,283.868,0,15.14,0,21036.417,134404.409
1975-10-01,69042.72,26300.474,14626.168,0,21994.709,2.9,22877.953,327.31,0,15.509,0,23220.772,131966.971
1975-11-01,70424.195,21829.846,14164.018,0,21614.561,1.844,24669.065,318.052,0,13.517,0,25000.634,128034.464
1975-12-01,78745.507,20705.816,16678.669,0,26919.888,1.689,26233.89,329.548,0,13.289,0,26576.727,143051.569
1976-01-01,83690.963,19894.883,16098.884,0,32230.754,2.121,26349.467,328.068,0,13.472,0,26691.007,151917.605
1976-02-01,73516.196,19163.451,14377.127,0,24782.98,1.858,24802.606,308.483,0,13.099,0,25124.188,131841.612
1976-03-01,76553.69,21282.392,13992.977,0,25436.579,2.54,26855.021,330.3,0,13.176,0,27198.497,137268.178
1976-04-01,72559.403,21867.164,10981.808,0,23310.448,2.203,24436.734,297.457,0,12.176,0,24746.367,128721.026
1976-05-01,72499.188,25318.846,11929.39,0,21806.959,2.403,25810.439,284.292,0,12.95,0,26107.681,131556.786
1976-06-01,76925.845,29715.292,15757.435,0,25116.695,2.887,25844.753,295.294,0,15.519,0,26155.566,147518.154
1976-07-01,83279.641,32031.884,17708.727,0,27011.425,0.955,26320.866,319.188,0,18.353,0,26658.407,160032.632
1976-08-01,84206.526,31393.084,18362.58,0,28262.962,2.946,24077.807,314.275,0,18.515,0,24410.597,162228.098
1976-09-01,75369.701,28057.948,17290.311,0,23621.906,5.491,20570.354,305.847,0,15.879,0,20892.08,144345.357
1976-10-01,76932.19,23909.086,17355.218,0,24189.65,5.042,21304.322,297.154,0,16.784,0,21618.26,142391.186
1976-11-01,81668.738,21110.511,16134.204,0,30074.971,25.731,20065.329,250.369,0,16.437,0,20332.135,149014.155
1976-12-01,87188.912,20879.37,21114.871,0,34142.807,30.209,20486.54,285.681,0,15.717,0,20787.938,163356.169
1977-01-01,89829.161,19952.66,22152.064,0,43378.623,35.268,20993.663,309.738,0,14.005,0,21317.406,175347.776
1977-02-01,78734.95,19480.517,19600.518,0,29446.474,39.087,15364.523,270.536,0,12.481,0,15647.54,147301.546
1977-03-01,77492.179,22467.119,20672.203,0,28368.708,35.02,20081.349,306.644,0,13.95,0,20401.943,149035.229
1977-04-01,70866.254,21296.921,19866.564,0,25862.144,31.562,18906.23,273.459,0,14.222,0,19193.911,137923.445
1977-05-01,77049.033,24701.328,20599.284,0,27963.903,31.192,18941.591,295.233,0,14.84,0,19251.664,150344.74
1977-06-01,83116.515,29621.145,21517.301,0,28970.658,30.069,17470.321,290.299,0,14.904,0,17775.524,163255.688
1977-07-01,92372.785,32712.543,21824.835,0,34893.219,3.421,17036.785,307.065,0,17.073,0,17360.923,181806.803
1977-08-01,90730.454,33290.504,22749.668,0,32326.169,19.466,16949.001,281.44,0,16.463,0,17246.904,179116.261
1977-09-01,82564.552,30937.59,19629.992,0,26365.748,24.439,16657.479,301.267,0,16.492,0,16975.238,159522.321
1977-10-01,79382.484,27355.603,19041.045,0,23073.922,27.979,17432.504,315.065,0,16.679,0,17764.248,148881.033
1977-11-01,79467.834,22565.612,19458.412,0,24862.747,19.617,20686.579,316.511,0,10.76,0,21013.85,146374.222
1977-12-01,83612.396,21123.315,23771.398,0,32666.506,10.515,23078.66,315.079,0,11.401,0,23405.14,161184.13
1978-01-01,85005.951,22309.743,25832.949,0,39264.223,23.622,25338.235,321.005,0,11.907,0,25671.147,172436.488
1978-02-01,70569.646,20370.197,21832.5,0,38212.55,22.747,22452.024,275.46,0,10.607,0,22738.091,151007.64
1978-03-01,66623.494,22269.092,22448.665,0,36958.018,25.683,24897.659,227.657,0,10.618,0,25135.934,148324.952
1978-04-01,70327.333,21339.11,17579.902,0,24978.413,5.501,25580.617,191.95,0,10.156,0,25782.723,134230.259
1978-05-01,76431.711,25076.268,20416.17,0,24368.349,4.506,29069.355,171.002,0,11.268,0,29251.625,146297.004
1978-06-01,84033.019,30618.31,22185.187,0,26129.595,5.058,25394.161,210.307,0,9.748,0,25614.216,162971.169
1978-07-01,89606.31,34247.75,25007.094,0,29117.394,6.308,24718.41,235.597,0,8.43,0,24962.437,177984.856
1978-08-01,93429.682,32583.162,25599.306,0,32302.004,24.018,22426.121,277.092,0,17.365,0,22720.578,183938.172
1978-09-01,87041.271,28206.109,22188.917,0,26640.067,12.896,21407.275,292.585,0,12.938,0,21712.798,164089.26
1978-10-01,82082.993,25232.611,22996.549,0,25753.492,25.758,19690.414,217.591,0,13.709,0,19921.714,156091.403
1978-11-01,81727.362,22000.457,24900.669,0,27309.782,24.228,20169.267,245.785,0,11.542,0,20426.594,155962.498
1978-12-01,88863.313,21138.026,25415.16,0,34026.554,16.868,22321.687,311.599,0,12.145,0,22645.431,169459.921
1979-01-01,94985.712,22092.806,27792.163,0,39474.311,12.201,25315.97,299.38,0,14.205,0,25629.555,184357.193
1979-02-01,84747.823,21844.013,25910.788,0,32274.117,23.648,21525.673,244.898,0,16.35,0,21786.921,164800.389
1979-03-01,85219.537,24916.06,24334.822,0,22075.574,30.272,26225.876,328.623,0,23.239,0,26577.738,156576.265
1979-04-01,80450.173,24763.199,18417.942,0,20599.379,25.243,25687.338,303.915,0,13.283,0,26004.536,144255.936
1979-05-01,86149.298,26135.375,15024.851,0,21470.44,22.626,29279.822,305.604,0,21.34,0,29606.766,148802.59
1979-06-01,90817.26,30106.952,16065.455,0,24367.27,20.957,25272.522,309.504,0,16.46,0,25598.486,161377.894
1979-07-01,97879.473,34675.501,20824.729,0,25749.925,20.175,23028.538,328.236,0,15.9,0,23372.674,179149.803
1979-08-01,97910.027,34948.735,24204.083,0,26122.976,30.048,21510.17,358.096,0,16.457,0,21884.723,183215.869
1979-09-01,85664.344,31441.588,21803.87,0,22509.343,31.004,19201.628,310.775,0,12.094,0,19524.497,161450.149
1979-10-01,87527.612,30418.982,20934.359,0,20278.861,29.302,20404.071,348.445,0,11.732,0,20764.248,159189.116
1979-11-01,87455.783,24661.307,19255.175,0,23380.251,31.079,22629.801,338.536,0,17.576,0,22985.913,154783.595
1979-12-01,96230.048,23480.589,20586.386,0,25222.763,23.304,22994.567,412.956,0,19.556,0,23427.079,165543.09
1980-01-01,103257.677,26348.819,19745.966,0,24985.981,30.867,25569.718,336.471,0,20.829,0,25927.018,174369.31
1980-02-01,98150.804,24755.111,19277.338,0,24780.801,31.482,21624.05,323.169,0,18.624,0,21965.843,166995.536
1980-03-01,95386.178,26891.062,20038.872,0,20415.059,29.39,24612.658,359.122,0,12.461,0,24984.241,162760.561
1980-04-01,83561.813,24181.362,18793.503,0,16024.88,21.841,26044.704,376.294,0,12.188,0,26433.186,142583.399
1980-05-01,84884.262,26586.804,18384.807,0,16545.279,9.782,29197.647,443.088,0,14.817,0,29655.552,146410.934
1980-06-01,93691.765,31294.973,18322.206,0,18019.504,6.572,27974.97,427.499,0,10.997,0,28413.466,161335.02
1980-07-01,108456.913,39063.083,21023.937,0,23288.774,15.032,24750.32,449.596,0,10.197,0,25210.113,191847.739
1980-08-01,107579.936,37647.074,24332.931,0,24884.835,24.25,20667.363,480.427,0,12.567,0,21160.357,194469.026
1980-09-01,97556.952,33579.978,23572.294,0,17815.305,23.997,18704.361,433.806,0,11.046,0,19149.213,172548.526
1980-10-01,91196.02,28591.879,24509.631,0,15858.229,29.809,18071.812,492.623,0,11.031,0,18575.466,160185.568
1980-11-01,93500.667,24338.395,20983.909,0,19989.308,27.882,19438.646,481.542,0,11.012,0,19931.2,158840.161
1980-12-01,104339.38,22961.361,22130.182,0,23386.234,24.462,22525.84,469.442,0,12.026,0,23007.308,172841.619
1981-01-01,111764.813,22080.996,23778.769,0,25963.088,24.316,22630.121,505.539,0,10.563,0,23146.223,183611.982
1981-02-01,97653.289,21339.106,21595.261,0,17443.999,27.208,21345.388,446.85,0,8.81,0,21801.048,158058.863
1981-03-01,99482.128,25996.919,22004.399,0,16956.746,29.436,20852.96,501.033,0,10.261,0,21364.254,164469.628
1981-04-01,88109.349,27460.284,20646.019,0,15106.252,27.823,21019.475,462.686,0,9.454,0,21491.615,151349.727
1981-05-01,88940.698,30070.319,19723.09,0,14507.881,14.228,24414.025,458.335,0,9.978,0,24882.338,153256.216
1981-06-01,99837.068,35885.106,21165.626,0,18971.565,6.86,26688.579,457.46,0,8.486,0,27154.525,175866.225
1981-07-01,112853.683,38712.255,23079.647,0,20071.683,9.957,25414.375,502.803,0,10.344,0,25927.522,194727.225
1981-08-01,108402.855,36917.716,26946.387,0,16001.049,10.736,21851.021,496.632,0,13.02,0,22360.673,188278.743
1981-09-01,97663.878,30850.324,24398.455,0,15565.877,23.321,18034.677,499.717,0,15.24,0,18549.634,168501.855
1981-10-01,97046.239,28916.564,20555.822,0,16213.139,25.808,18294.401,492.996,0,12.621,0,18800.018,162757.572
1981-11-01,94841.001,24670.378,22783.424,0,13847.211,25.044,19184.975,430.344,0,9.378,0,19624.697,156167.058
1981-12-01,106608.232,22877.206,25996.603,0,15772.285,20.464,24114.668,431.768,0,4.474,0,24550.91,171274.79
1982-01-01,113123.631,22620.535,25677.834,0,20673.949,18.831,27187.167,380.21,0,12.217,0,27579.594,182114.78
1982-02-01,96905.528,20919.528,20187.619,0,15216.865,19.505,26936.434,349.706,0,10.388,0,27296.528,153249.045
1982-03-01,97625.094,23597.611,22755.478,0,13494.516,11.849,30165.194,308.008,0,10.215,0,30483.417,157484.548
1982-04-01,88115.664,23231.222,21784.661,0,11192.216,9.816,28224.687,310.575,0,7.661,0,28542.923,144333.579
1982-05-01,92997.402,24291.498,21638.768,0,9867.698,8.875,28303.672,360.911,0,11.157,0,28675.74,148804.241
1982-06-01,95313.637,27959.064,24026.011,0,10419.113,11.244,28271.627,435.826,0,10.598,0,28718.051,157729.069
1982-07-01,110617.225,33340.356,25467.06,0,13380.25,13.15,27575.369,458.391,0,13.278,0,28047.038,182818.041
1982-08-01,110124.075,34418.117,24986.071,0,11753.038,14.372,24130.424,456.832,0,8.747,0,24596.003,181295.673
1982-09-01,96895.697,27649.118,25390.532,0,10363.144,21.737,20108.998,438.243,0,7.799,0,20555.04,160320.228
1982-10-01,93769.09,25804.497,23247.7,0,9885.352,30.99,19956.331,466.512,0,11.775,0,20434.618,152737.629
1982-11-01,95547.275,21465.602,23235.022,0,9312.965,20.135,23518.327,489.97,0,9.463,0,24017.76,149580.999
1982-12-01,100969.888,19962.6,24376.491,0,11238.383,15.435,27995.783,387.681,0,11.681,0,28395.145,156562.797
1983-01-01,108164.265,19721.254,25073.059,0,12879.838,13.293,29526.18,483.529,0,9.254,0.172,30019.135,165851.709
1983-02-01,92691.602,16658.895,22197.767,0,12585.943,12.152,28196.337,371.94,0,10.536,0.018,28578.831,144146.359
1983-03-01,95598.248,19686.264,23890.193,0,12556.444,14.433,30582.685,428.696,0,11.446,0.313,31023.14,151745.582
1983-04-01,88113.755,19173.85,22334.793,0,10336.746,11.618,30285.458,401.83,0,10.612,0.214,30698.114,139970.762
1983-05-01,91296.386,20444.768,22050.937,0,9050.351,10.56,31526.278,326.45,0,18.831,0.251,31871.81,142853.002
1983-06-01,101512.015,23091.183,24151.858,0,11138.627,13.661,31011.159,429.464,0,19.028,0.212,31459.863,159907.344
1983-07-01,121560.33,29615.086,25602.084,0,14709.748,13.99,28394.927,534.843,0,15.732,0.097,28945.599,191501.238
1983-08-01,129312.743,33147.159,26201.317,0,14730.919,18.181,26063.618,703.792,0,15.72,0.01,26783.14,203410.319
1983-09-01,108867.586,28040.45,25007.372,0,11298.792,19.309,21924.869,642.982,0,15.275,0.378,22583.504,173233.509
1983-10-01,101951.282,23782.891,25796.805,0,9941.041,23.245,20952.741,674.082,0,14.16,0.464,21641.447,161495.264
1983-11-01,103225.255,20169.388,25010.113,0,9229.464,26.657,24899.225,599.874,0,10.282,0.423,25509.804,157660.877
1983-12-01,117130.811,20567.27,26360.821,0,16040.679,38.767,31927.379,477.619,0,11.87,0.117,32416.985,180138.348
1984-01-01,120850.261,20245.336,29313.313,0,15938.933,45.15,30029.114,487.953,-0.069,13.697,0.041,30530.736,186392.993
1984-02-01,104706.39,17826.724,28435.519,0,10052.549,23.417,28146.08,596.024,0.061,23.078,0.199,28765.442,161044.599
1984-03-01,111157.719,19644.833,27344.704,0,10806.168,28.649,30715.484,654.973,0.17,34.591,0.184,31405.402,168982.073
1984-04-01,97541.501,21197.053,24231.118,0,7449.51,14.401,30266.727,646.337,0.323,33.607,0.562,30947.556,150433.583
1984-05-01,100138.89,25303.732,25866.506,0,8421.629,15.569,32146.29,619.995,0.703,36.125,0.758,32803.871,159746.326
1984-06-01,115425.514,28345.033,25299.389,0,11151.74,15.275,29091.841,601.822,0.945,35.155,0.599,29730.362,180236.951
1984-07-01,121094.329,33326.633,28284.305,0,10396.601,36.274,27776.009,574.462,0.253,36.829,0.468,28388.021,193138.142
1984-08-01,127743.902,33291.869,29493.032,0,12835.775,38.495,25372.988,719.249,0.883,35.205,0.266,26128.591,203403.073
1984-09-01,108861.54,27838.782,29145.7,0,7713.431,43.654,21124.151,647.833,0.976,34.823,0.499,21808.282,173603.107
1984-10-01,110800.527,25782.724,24773.645,0,7874.495,53.737,21092.477,711.156,0.683,52.117,0.87,21857.303,169285.128
1984-11-01,109759.28,23727.895,24574.563,0,9232.298,76.675,22480.711,702.248,0.337,47.012,0.847,23231.155,167370.711
1984-12-01,113600.9,20862.981,30871.754,0,7934.784,70.113,26069.492,778.452,-0.016,42.301,1.197,26891.426,173340.532
1985-01-01,129092.471,22050.835,36186.298,0,12077.118,82.597,27835.054,774.003,0.465,48.412,0.635,28658.569,199489.319
1985-02-01,112036.83,19417.44,30812.422,0,9270.117,74.844,26148.617,683.523,-0.085,43.696,1.093,26876.844,171611.653
1985-03-01,111390.703,19848.321,31041.225,0,7120.015,80.633,24920.45,795.867,0.104,52.38,0.69,25769.491,169480.897
1985-04-01,104790.423,22425.012,26458.274,0,6017.18,25.963,24699.772,696.907,1.222,57.977,0.581,25456.459,159716.852
1985-05-01,111514.668,22481.467,28697.365,0,6859.495,31.256,26753.91,724.684,1.471,58.191,0.337,27538.593,169584.251
1985-06-01,115583.004,26739.747,30836.969,0,7576.498,26.683,24157.483,698.184,1.568,61.497,0.337,24919.069,180762.901
1985-07-01,128880.144,32190.85,35184.214,0,8289.434,53.538,21574.316,767.624,1.055,62.516,0.071,22405.582,204598.18
1985-08-01,126549.659,33915.168,34812.142,0,9858.348,71.265,20216.874,802.236,2.007,58.384,0.363,21079.864,205206.582
1985-09-01,114630.253,26272.697,34507.709,0,7434.642,77.939,18980.41,762.515,1.369,44.056,0.832,19789.182,182923.24
1985-10-01,111053.345,24119.576,31205.154,0,7514.42,72.286,20253.598,729.992,0.947,45.375,0.524,21030.436,173964.781
1985-11-01,108814.643,22453.425,30166.489,0,7008.016,73.695,23175.559,901.352,0.276,55.303,0.194,24132.684,168516.268
1985-12-01,127791.979,20031.428,33782.468,0,11176.988,72.595,25594.494,988.343,0.231,51.791,0.105,26634.964,192855.458
1986-01-01,130189.924,17472.41,36218.874,0,11088.338,64.133,21668.778,1007.682,0.638,50.205,0.155,22727.458,195033.679
1986-02-01,110982.428,14924.854,32721.017,0,9529.298,36.611,23468.502,865.407,0.592,53.139,0.169,24387.809,168194.208
1986-03-01,110389.796,16149.202,30773.127,0,10072.925,20.004,28745.94,900.114,1.014,61.743,0.69,29709.501,167405.054
1986-04-01,98995.106,18961.06,30476.66,0,9226.796,19.908,27820.143,811.665,1.377,57.126,0.613,28690.924,157679.53
1986-05-01,104900.302,21947.302,31924.086,0,10435.353,24.295,27537.396,820.177,1.828,56.019,0.74,28416.16,169231.338
1986-06-01,120153.987,24767.149,31333.867,0,11563.482,26.723,26542.197,889.86,1.409,54.981,0.502,27488.949,187845.208
1986-07-01,136653.936,28711.652,35893.532,0,16296.267,40.96,24353.454,944.107,1.669,57.454,0.522,25357.206,217596.347
1986-08-01,123617.62,26352.173,37483.147,0,15465.909,56.503,21425.424,941.909,1.629,57.707,0.46,22427.129,202975.352
1986-09-01,113957.353,23456.719,36592.616,0,10676.506,51.188,21326.72,789.335,1.438,53.156,0.069,22170.718,184734.382
1986-10-01,108583.774,20876.382,36213.556,0,9872.701,38.668,21541.058,775.916,1.289,56.205,0.227,22374.695,175585.081
1986-11-01,109045.451,18044.042,34944.105,0,10463.699,46.194,23374.963,671.542,0.895,62.783,0.012,24110.195,172543.491
1986-12-01,118361.775,16845.488,39463.476,0,11893.594,66.323,26200.643,890.243,0.254,64.715,0.03,27155.885,186630.656
1987-01-01,126630.512,17788.153,39974.825,0,11926.743,64.23,25703.928,894.259,0.062,58.189,0.075,26656.513,196384.463
1987-02-01,109647.934,15119.732,36598.257,0,10501.85,57.114,21472.457,829.269,0.532,53.476,0.004,22355.738,171924.887
1987-03-01,111920.394,18349.449,37290.006,0,10007.168,58.599,23528.449,909.237,0.902,65.749,-0.009,24504.328,177625.616
1987-04-01,105474.356,19601.569,33517.74,0,7911.58,45.401,22322.015,856.992,1.278,61.34,0.146,23241.771,166550.646
1987-05-01,115155.284,23238.723,34320.408,0,8145.79,46.379,24534.684,900.486,1.251,63.545,0.328,25500.294,180906.584
1987-06-01,129350.599,27090.362,36560.089,0,10654.604,78.229,21181.422,924.767,1.665,65.213,0.965,22174.032,203733.883
1987-07-01,143502.911,30511.554,40055.583,0,12547.339,79.441,20476.008,956.08,1.785,64.291,1.226,21499.39,226696.828
1987-08-01,143194.312,32261.639,41352.353,0,11288.95,82.344,18682.389,952.397,1.19,64.953,0.232,19701.161,228179.598
1987-09-01,120777.103,25677.538,39665.826,0,7696.435,70.933,18392.849,888.492,0.774,51.074,0.226,19333.415,193887.835
1987-10-01,117742.848,22985.178,36491.544,0,6819.448,58.104,18160.564,899.778,0.576,56.823,0.062,19117.803,184097.122
1987-11-01,114171.65,21005.294,37437.67,0,9803.399,65.425,17078.681,869.989,0.322,46.893,0.063,17995.948,182483.438
1987-12-01,126213.387,18991.611,42006.081,0,11189.264,76.889,21322.647,893.714,0.159,42.394,0.224,22259.138,198477.232
1988-01-01,137845.293,16237.245,44658.45,0,16090.408,91.493,22324.412,901.993,0.458,38.041,0.642,23265.546,214922.889
1988-02-01,126267.376,16530.273,42246.023,0,11889.894,82.293,19351.882,776.173,0.767,38.403,-0.001,20167.224,197015.859
1988-03-01,120033.644,19743.729,43912.016,0,9768.817,89.832,19794.568,904.768,1.288,44.923,0.03,20745.577,193548.038
1988-04-01,109135.472,19241.49,40066.609,0,7493.961,68.986,19400.713,818.823,0.478,70.548,0.031,20290.593,176006.518
1988-05-01,115195.008,23154.533,40650.384,0,7210.616,38.89,21571.177,804.966,1.263,76.751,0.016,22454.173,186249.431
1988-06-01,132267.995,26808.398,44079.082,0,9754.321,80.642,19151.775,853.815,1.358,68.454,0.013,20075.415,212990.438
1988-07-01,144301.353,31284.129,49828.437,0,14059.314,82.193,17185.157,928.768,1.115,71.663,-0.004,18186.699,239555.426
1988-08-01,152376.525,32701.666,49035.279,0,16068.103,96.023,16683.235,886.209,1.131,80.401,0.022,17650.998,250277.596
1988-09-01,124409.811,22213.483,46270.481,0,10013.751,78.313,16483.325,849.671,0.971,72.431,0.005,17406.403,202985.839
1988-10-01,121339.387,17315.929,42591.127,0,13235.78,75.019,15318.091,865.865,0.137,72.517,0.033,16256.643,194557.242
1988-11-01,121053.811,14542.603,39583.296,0,14962.382,75.64,18687.708,859.595,0.068,49.857,0.031,19597.259,190217.732
1988-12-01,136427.1,13027.227,44051.863,0,18352.213,76.661,20148.761,849.434,0.059,54.267,0.053,21052.574,211935.064
1989-01-01,137733.369,19959.529,46327.876,667.767,15917.492,2408.295,21476.179,1279.108,6.957,518.574,145.754,23426.572,223014.328
1989-02-01,129611.076,22890.981,38724.747,603.144,18425.42,2240.783,19105.654,1154.869,7.414,501.402,223.489,20992.828,212496.151
1989-03-01,129192.832,27059.643,39636.347,667.767,17303.41,2552.216,23232.175,1362.218,19.086,339.446,255.996,25208.921,216412.215
1989-04-01,117867.309,29734.214,33494.851,646.226,12002.597,2186.853,24705.486,1181.97,23.655,472.531,238.112,26621.754,195932.05
1989-05-01,121495.442,31057.604,38338.755,667.767,10318.485,1600.914,28780.645,1252.563,15.56,767.508,204.252,31020.528,203478.967
1989-06-01,131163.721,32068.562,42976.005,646.226,13070.959,1925.734,26557.338,1236.567,21.626,781.221,156.368,28753.12,221851.207
1989-07-01,141189.218,38732.714,52331.024,667.767,12541.597,2043.404,23262.831,1254.023,35.589,932.217,142.075,25626.735,247505.724
1989-08-01,144610.455,38044.377,54947.688,667.767,11402.341,2485.638,20713.722,1210.107,26.226,882.827,103.095,22935.977,252158.266
1989-09-01,129399.231,33052.998,44836.739,646.226,10456.294,2244.888,19412.822,1126.904,31.453,991.302,280.158,21842.639,220636.376
1989-10-01,124912.222,32216.794,43557.735,667.767,8578.188,2390.325,20599.32,1185.474,28.156,1032.148,175.613,23020.711,212323.031
1989-11-01,126816.531,24706.458,43399.433,646.226,11775.629,2540.017,21738.616,1130.863,24.616,1033.804,122.834,24050.733,209884.294
1989-12-01,149787.733,23104.993,50783.516,667.767,22566.107,2617.599,22392.148,1218.775,10.263,909.905,64.296,24595.387,249527.715
1990-01-01,135489.955,21087.708,55119.378,881.829,12444.435,2896.531,24348.865,1362.239,14.995,1085.22,301.281,27112.6,227919.836
1990-02-01,118755.094,19175.576,49962.644,796.491,10142.519,2927.803,25240.792,1245.569,17.994,1003.494,231.216,27739.065,201760.127
1990-03-01,125908.652,25754.671,46087.114,881.829,10993.355,3055.942,28968.78,1369.912,25.492,1157.644,245.229,31767.057,212681.563
1990-04-01,120002.708,27408.563,38516.014,853.383,10959.571,2880.474,26550.221,1080.717,27.741,1081.022,420.392,29160.093,200620.713
1990-05-01,122507.305,32057.582,42945.119,881.829,10203.457,2207.304,28063.584,1276.053,46.636,1086.444,350.327,30823.044,210802.596
1990-06-01,135553.242,38532.903,46332.308,853.383,14425.485,1450.112,28852.262,1327.528,37.938,1139.058,406.379,31763.165,237147.433
1990-07-01,147354.522,41904.647,53644.726,881.829,13858.941,2461.534,24762.636,1337.508,46.636,1075.643,119.111,27341.534,260106.199
1990-08-01,150453.899,44052.218,55758.133,881.829,11765.456,3104.637,22145.195,1319.564,48.885,1132.033,70.065,24715.742,266016.172
1990-09-01,138427.765,38569.286,48484.924,853.383,8625.201,3034.345,18001.763,1240.928,31.34,1150.809,91.085,20515.925,237994.904
1990-10-01,133108.84,34134.22,43395.118,881.829,7779.071,2818.893,19535.947,1300.851,33.74,1175.196,203.189,22248.923,222117.971
1990-11-01,126815.6,25708.962,45034.367,853.383,6723.359,2555.912,21061.747,1246.553,16.345,1088.543,231.216,23644.404,207691.583
1990-12-01,139633.895,24378.818,51581.833,881.829,8539.352,3128.402,25334.053,1326.848,19.344,1085.273,119.111,27884.629,228144.129
1991-01-01,145371.753,25106.65,54368.993,962.749,9907.372,3809.142,26885.051,1390.526,19.928,1305.835,62.125,29663.465,239526.659
1991-02-01,120934.682,21248.137,47862.642,869.58,9334.698,2355.738,23047.568,1212.415,21.482,1169.395,289.918,25740.778,202605.477
1991-03-01,121444.782,27347.645,49121.188,962.749,9437.79,2241.628,27076.094,1384.412,6.077,1348.748,207.084,30022.415,210555.782
1991-04-01,115472.088,29763.601,41631.054,931.693,8577.748,1661.777,26926.753,1242.549,6.501,1364.804,238.147,29778.754,198037.961
1991-05-01,127048.806,33407.037,46754.597,962.749,11812.557,1975.049,29688.19,1270.784,62.751,1440.975,362.397,32825.097,221960.795
1991-06-01,135312.435,34468.176,54208.487,931.693,11988.419,2207.644,26920.98,1355.265,67.133,1353.134,155.313,29851.825,239116.854
1991-07-01,147479.919,43183.115,60734.6,962.749,11828.884,2168.64,25493.488,1354.493,82.396,1256.914,155.313,28342.604,266357.907
1991-08-01,147805.166,43055.198,58472.648,962.749,12747.915,3252.085,22760.129,1340.937,71.514,1369.549,227.793,25769.922,266295.761
1991-09-01,132462.384,35369.412,51873.616,931.693,9289.404,3860.625,19342.72,1257.745,60.207,1299.862,207.084,22167.618,233787.134
1991-10-01,128848.55,36160.827,47652.637,962.749,6965.612,3316.047,18522.003,1327.954,35.616,1170.789,424.523,21480.885,223906.422
1991-11-01,132419.963,28083.309,46295.177,931.693,8362.472,3111.313,19368.497,1390.1,25.157,1329.616,424.523,22537.893,219203.927
1991-12-01,136022.222,24359.909,53589.448,962.749,9498.702,3765.671,22962.717,1439.264,13.003,1255.126,196.73,25866.84,228198.701
1992-01-01,141152.703,26411.959,57848.681,1123.982,11491.656,3914.646,22814.731,1415.114,8.702,1595.177,150.001,25983.725,241943.627
1992-02-01,125269.566,25994.453,52803.662,1051.467,9344.916,2776.58,18953.83,1246.593,11.098,1538.734,515.629,22265.884,217240.644
1992-03-01,131359.665,31177.692,45835.381,1123.982,9921.979,2354.783,22980.103,1419.386,14.124,1467.942,328.128,26209.683,221773.482
1992-04-01,123494.618,33543.053,42267.583,1087.724,7327.436,2233.63,20568.506,1284.733,29.257,1299.825,318.753,23501.074,209954.044
1992-05-01,127361.124,34499.098,45627.313,1123.982,5807.547,1427.616,23440.876,1360.468,46.913,1597.927,93.751,26539.935,215846.68
1992-06-01,133411.196,37363.775,51185.047,1087.724,8456.517,2694.44,23686.565,1344.893,45.904,1533.779,75.001,26686.142,234198.699
1992-07-01,153081.646,46755.043,56048.753,1123.982,9619.636,3101.474,20712.381,1364.252,62.172,1592.972,75.001,23806.778,269730.534
1992-08-01,145957.289,42503.115,58655.626,1123.982,7797.422,3663.035,19189.388,1374.444,60.406,1565.239,140.626,22330.103,259700.469
1992-09-01,137074.121,38895.517,50919.47,1087.724,7705.225,3270.9,17723.811,1277.633,46.03,1531.867,318.753,20898.094,238952.957
1992-10-01,131730.799,31459.534,48783.96,1123.982,7781.598,3741.686,17430.911,1348.255,37.581,1409,243.752,20469.499,224621.559
1992-11-01,129237.137,28444.051,50725.542,1087.724,7702.582,3862.213,20505.256,1344.244,28.375,1092.432,281.252,23251.559,221059.249
1992-12-01,142076.174,27027.084,58075.245,1123.982,7197.649,3487.659,25081.646,1357.949,9.08,1591.144,346.878,28386.697,238987.793
1993-01-01,142599.134,26869.202,59076.169,1100.355,8202.59,3793.371,26047.263,1442.919,9.366,1873.13,247.393,29620.071,241640.821
1993-02-01,134109.412,26584.348,51319.099,993.869,7862.839,3383.151,21022.929,1402.587,17.759,1449.388,49.479,23942.142,224252.718
1993-03-01,140592.991,31012.176,46605.706,1100.355,9709.406,3495.66,24580.356,1461.515,34.544,1834.155,519.526,28430.096,232516.294
1993-04-01,124275.274,27688.832,43198.624,1064.86,5897.49,2827.753,26664.614,1450.613,54.127,1336.579,371.09,29877.023,204952.833
1993-05-01,124777.417,26243.496,50366.855,1100.355,5968.087,1746.329,30698.321,1290.074,49.505,1545.9,371.09,33954.89,210202.539
1993-06-01,141785.177,38158.635,52620.167,1064.86,8847.959,1871.602,27896.142,1299.847,35.395,1569.395,86.588,30887.367,244348.4
1993-07-01,163018.484,48505.411,56502.161,1100.355,12850.284,2259.675,24724.493,1426.937,62.398,1506.075,136.066,27855.969,284236.37
1993-08-01,160903.125,52149.71,56208.868,1100.355,13569.364,3859.811,20980.897,1448.882,68.237,1251.73,74.218,23823.964,287791.233
1993-09-01,138219.712,39052.619,49988.643,1064.86,11058.123,3427.191,18243.103,1397.201,56.56,1531.037,136.066,21363.967,242811.148
1993-10-01,135141.229,36535.957,44434.321,1100.355,8678.093,3511.72,18196.766,1385.085,33.936,1513.457,284.502,21413.746,229401.675
1993-11-01,136474.76,33229.803,46862.472,1064.86,8474.455,3771.985,18970.892,1371.456,26.759,1412.545,457.677,22239.329,229878.335
1993-12-01,148173.517,28896.608,53108.129,1100.355,11669.489,3675.157,22468.232,1411.45,13.866,1509.641,272.132,25675.321,246623.255
1994-01-01,157610.619,28533.496,56846.753,1131.207,16983.862,4725.823,21328.632,1412.708,25.368,1273.323,0,24040.031,265831.76
1994-02-01,135521.483,25032.403,49821.381,1021.735,11231.431,3338.052,20439.134,1284.857,21.584,1345.642,100.401,23191.618,225966.485
1994-03-01,138020.41,30118.99,48969.479,1131.207,9260.077,3363.752,23595.589,1294.141,49.475,1587.222,546.629,27073.056,230863.915
1994-04-01,123992.011,32556.27,43192.096,1094.717,8927.386,2906.123,24696.325,1325.641,48.074,1422.12,412.761,27904.921,212668.603
1994-05-01,130799.282,33045.081,48525.043,1131.207,8131.902,1702.614,25894.744,1301.071,50.036,1750.198,368.138,29364.187,223335.129
1994-06-01,152297.287,47110.441,51751.052,1094.717,11501.569,2184.95,25012.481,1168.938,56.483,1711.115,368.138,28317.155,265940.016
1994-07-01,157096.865,52819.206,59122.618,1131.207,10838.593,3735.55,23362.195,1238.416,53.119,1609.624,189.647,26453.001,284744.039
1994-08-01,156436.879,56193.01,60104.031,1131.207,7053.626,3114.001,20298.207,1364.68,39.384,1584.392,133.868,23420.531,284032.754
1994-09-01,136604.499,44592.987,55628.189,1094.717,5847.18,2845.446,16576.959,1261.829,49.615,1460.812,312.359,19661.574,246613.018
1994-10-01,134182.723,40640.265,50702.568,1131.207,5311.888,3550.346,17513.638,1294.504,55.782,1743.898,356.982,20964.804,235518.997
1994-11-01,127988.517,36335.013,55279.658,1094.717,5211.846,3327.088,19145.552,1280.548,27.611,1712.006,490.85,22656.567,229236.839
1994-12-01,140143.288,33241.522,60496.964,1131.207,5601.622,3143.619,22262.277,1308.122,10.091,1928.244,167.335,25676.069,243758.222
1995-01-01,147220.464,32759.903,63341.706,1177.996,5096.439,2583.262,24868.579,1151.068,5.211,1635.275,5.703,27665.836,252179.77
1995-02-01,132900.242,28126.101,51858.111,1063.996,8628.777,2009.659,25043.078,835.906,9.024,1416.782,23.382,27328.172,224586.886
1995-03-01,131429.813,38977.298,51879.92,1177.996,3774.45,2591.337,28569.531,918.627,17.666,1436.203,4.562,30946.589,229830.814
1995-04-01,123075.938,36240.672,49320.883,1139.996,4062.137,3196.259,24574.056,794.558,51.22,1903.075,6.843,27329.752,217035.885
1995-05-01,130418.121,39909.814,54386.954,1177.996,5379.366,2399.732,27781.522,718.396,67.997,1210.5,408.613,30187.028,233671.983
1995-06-01,142845.57,44978.658,56380.848,1139.996,5418.139,2213.492,30225.224,791.132,81.342,1780.563,498.433,33376.694,252976.703
1995-07-01,163519.32,59990.137,62037.146,1177.996,8885.625,3967.812,27470.441,860.002,72.572,1717.76,619.905,30740.68,299578.036
1995-08-01,172128.181,68167.711,61660.819,1177.996,10117.909,4131.674,24377.265,1478.777,70.284,1819.666,545.767,28291.759,317384.29
1995-09-01,139910.494,48032.565,55689.862,1139.996,5942.52,3356.834,20027.112,1034.776,52.237,1776.224,572.856,23463.205,254072.271
1995-10-01,135947.424,37641.812,54293.47,1177.996,4288.404,3793.337,23151.481,1744.081,35.968,1934.325,256.63,27122.485,237142.443
1995-11-01,138514.304,32338.559,52708.355,1139.996,4314.452,3234.788,25541.661,1562.952,25.165,1970.476,125.179,29225.433,232250.454
1995-12-01,151516.596,28894.716,59844.049,1177.996,8645.847,3042.895,29202.798,1487.983,8.134,1804.121,96.379,32599.415,253122.099
1996-01-01,157323.537,29525.285,62941.562,1215.93,9515.748,3353.357,30721.282,968.3,12.993,1359.934,147.279,33209.788,263875.419
1996-02-01,142053.138,25034.042,55927.692,1137.482,9965.328,2290.232,31796.124,987.784,19.079,1550.901,111.817,34465.705,236407.914
1996-03-01,143003.407,28082.135,55473.88,1215.93,7375.469,2855.809,33881.398,926.931,59.209,1743.517,187.533,36798.588,238006.63
1996-04-01,129580.8,29870.339,50325.24,1176.706,3869.512,1689.402,31842.701,1053.34,74.34,1538.821,244.4,34753.602,216511.999
1996-05-01,138974.494,43018.939,55636.922,1215.93,4825.59,2331.974,33260.65,707.462,85.689,1586.998,391.679,36032.478,246003.849
1996-06-01,150947.294,48037.369,57497.751,1176.706,6747.343,2950.78,31924.874,1060.028,91.281,1868.144,375.705,35320.032,267357.243
1996-07-01,163639.74,56112.264,60953.431,1215.93,9166.751,3504.264,28874.27,1519.593,71.215,1996.354,535.125,32996.557,294592.38
1996-08-01,167075.001,57934.426,61476.508,1215.93,7651.769,4048.13,26266.156,1572.002,31.907,1509.979,415.001,29795.045,299401.764
1996-09-01,147125.838,45812.113,54592.87,1176.706,5869.231,3053.269,22138.442,1359.024,10.033,1775.375,351.425,25634.299,257630.027
1996-10-01,147467.719,37737.94,50612.356,1215.93,4060.685,4033.749,22594.923,1452.37,28.289,2069.133,253.026,26397.741,245128.379
1996-11-01,150048.015,29896.985,52131.809,1176.706,5192.028,3825.691,23556.301,1473.885,19.901,1916.64,98.718,27065.445,242271.234
1996-12-01,157956.61,23993.739,57158.525,1215.93,7171.771,2863.653,30304.941,1247.965,17.269,1995.538,122.36,33688.073,250360.228
1997-01-01,166253.884,25288.772,58914.427,1133.889,9791.209,3618.223,32959.532,1115.892,11.748,1566.285,120.475,35773.932,265000.404
1997-02-01,139411.673,25057.291,50657.615,1024.158,5332.069,2516.003,31514.61,833.894,34.215,1695.986,108.923,34187.628,223998.809
1997-03-01,142318.611,32199.488,50414.084,1133.889,5172.52,2869.299,34993.299,1178.867,44.935,1695.149,148.531,38060.781,234107.891
1997-04-01,136166.77,32843.806,44882.839,1097.312,4672.907,2904.384,32075.407,1303.916,61.969,1927.865,324.018,35693.175,222568.018
1997-05-01,140554.952,37630.482,47031.786,1133.889,5298.966,3124.838,34183.862,1267.653,52.864,1996.774,350.423,37851.576,234774.913
1997-06-01,150747.51,46733.965,52094.784,1097.312,8009.352,2451.681,34455.979,1035.731,78.122,1800.205,517.108,37887.145,261134.604
1997-07-01,172213.043,64503.406,57352.132,1133.889,10798.867,2992.046,31656.156,1377.737,72.395,1874.612,509.406,35490.306,308993.383
1997-08-01,167540.145,59986.774,61083.7,1133.889,9178.644,3215.398,26905.678,1360.902,60.207,1894.266,530.31,30751.363,302138.55
1997-09-01,156278.769,52415.164,52586.11,1097.312,9151.334,2992.895,23398.631,1298.792,33.774,1617.949,260.204,26609.35,274521.584
1997-10-01,156902.377,39245.731,46981.239,1133.889,8444.048,4149.441,24734.468,1283.962,32.6,1922.175,274.507,28247.712,256856.725
1997-11-01,150754.835,30220.78,51188.914,1097.312,7927.551,3271.923,23710.58,1279.228,16.447,1818.689,72.615,26897.559,244461.315
1997-12-01,165873.168,33273.011,55456.541,1133.889,8777.408,2842.311,25865.094,1389.527,11.894,1899.118,71.515,29237.148,267356.328
1998-01-01,162283.624,30395.548,57888.88,1145.915,7471.475,3964.038,28818.271,1402.262,8.78,1605.391,17.395,31852.099,263149.48
1998-02-01,141543.723,24678.192,50998.718,1035.02,6648.006,2539.567,29996.112,1113.638,6.785,1622.679,8.186,32747.4,227443.226
1998-03-01,149790.257,33822.136,53711.047,1145.915,10151.173,2924.417,31687.94,1388.853,49.888,1912.332,6.139,35045.152,251544.945
1998-04-01,137324.321,32984.055,47502.988,1108.95,7970.08,2947.403,28607.936,914.509,55.476,1873.49,85.951,31537.362,229837.797
1998-05-01,150679.218,46219.588,51496.327,1145.915,11147.655,3116.387,33195.914,823.407,37.715,2062.647,143.252,36262.935,263805.09
1998-06-01,163107.639,58048.921,55731.853,1108.95,14194.732,1618.008,32341.119,1009.301,66.85,1666.305,394.967,35478.542,293810.103
1998-07-01,178962.217,69241.98,61499.085,1145.915,15914.906,3060.514,28659.122,1280.061,81.018,1911.025,547.429,32478.655,329824.617
1998-08-01,178504.985,70347.992,60368.984,1145.915,15249.038,3254.707,25110.855,1377.533,72.837,1914.999,421.571,28897.795,328871.621
1998-09-01,160694.909,59848.418,57205.864,1108.95,12322.733,3174.13,20826.475,1352.908,51.884,1842.697,475.803,24549.767,294355.004
1998-10-01,149853.817,41362.494,57429.377,1145.915,8580.562,3530.69,18884.65,1493.723,37.516,2028.999,298.784,22743.672,261902.855
1998-11-01,143094.577,31158.245,57372.39,1108.95,8653.922,2765.586,20020.589,1330.988,20.155,1667.87,181.112,23220.714,244153.67
1998-12-01,157676.402,33149.535,62496.591,1145.915,10495.893,3442.939,25186.678,1286.734,13.57,2339.501,445.106,29271.589,268407.275
1999-01-01,164875.549,34285.594,65689.472,1199.708,13313.163,3774.353,29520.584,1323.272,7.667,1704.427,337.019,32892.969,283137.839
1999-02-01,141731.078,29466.572,57489.279,1083.607,10578.607,2635.994,28693.468,1066.11,14.029,1806.741,308.918,31889.266,242985.137
1999-03-01,150737.71,38338.9,58838.125,1199.708,11308.196,2101.248,32079.682,1254.848,38.334,1843.395,446.692,35662.951,262523.887
1999-04-01,142214.22,45495.049,48529.139,1161.008,9535.086,3086.823,27338.714,1055.693,54.81,2015.288,373.317,30837.822,250021.325
1999-05-01,148536.568,47927.441,56056.776,1199.708,9861.898,4080.301,28996.404,1309.989,63.292,2133.331,275.548,32778.564,267662.692
1999-06-01,161781.572,56071.577,62300.248,1161.008,10875.177,2823.05,30566.934,1212.609,66.065,2050.06,253.887,34149.555,295012.632
1999-07-01,183181.866,72957.639,66814.583,1199.708,15707.721,3581.451,29685.837,1223.695,66.555,1927.65,456.059,33359.796,343442.968
1999-08-01,177326.788,72105.133,68142.717,1199.708,13041.119,3411.936,25726.288,1249.497,54.647,1810.142,382.294,29222.868,335227.401
1999-09-01,158189.209,49681.931,60935.054,1161.008,8174.215,3042.048,20891.816,1255.613,38.008,1853.409,377.415,24416.261,281183.465
1999-10-01,150773.584,43904.53,55343.056,1199.708,6823.117,2498.423,19902.821,1301.961,48.611,1841.375,418.591,23513.359,260542.418
1999-11-01,144243.552,32654.442,60552.304,1161.008,4671.356,3324.716,21163.42,1235.067,25.121,1821.917,354.192,24599.717,246607.378
1999-12-01,157495.528,33507.317,67563.373,1199.708,4171.184,2680.39,24970.062,1338.658,17.944,1764.441,504.066,28595.171,266617.5
2000-01-01,178149.861,39166.593,70762.352,1181.96,7351.895,2343.487,25342.434,1272.318,9.119,1887.412,645.286,29156.569,298956.148
2000-02-01,159302.963,35256.903,64178.502,1105.705,4906.675,3143.72,22483.508,1173.817,21.147,1958.593,705.904,26342.969,267894.468
2000-03-01,156885.142,42587.995,62736.512,1181.96,4582.109,3297.273,26702.928,1186.479,27.356,2232.228,350.019,30499.01,271270.991
2000-04-01,142133.022,43788.542,58259.145,1143.833,4791.489,3127.404,28489.646,1242.898,36.862,2224.222,330.074,32323.702,253243.435
2000-05-01,155531.097,59054.183,63975.913,1181.96,8849.874,2978.414,27420.747,1190.11,54.712,2388.097,408.095,31461.761,291571.441
2000-06-01,168867.552,59138.323,67298.55,1143.833,11394.855,2600.356,25185.04,1164.041,58.204,1921.682,447.007,28775.974,310443.469
2000-07-01,174535.865,69938.168,68971.667,1181.96,10791.657,3177.157,24130.435,1199.699,82.456,2009.215,379.937,27801.742,328596.474
2000-08-01,181461.803,76542.345,67226.15,1181.96,13388.617,3267.807,21980.956,1201.654,66.352,1923.675,376.417,25549.054,343068.682
2000-09-01,162057.856,55688.29,58266.574,1143.833,11538.601,2955.604,17800.568,1008.004,61.696,1836.5,332.42,21039.188,291650.758
2000-10-01,159132.19,43498.595,52469.741,1181.96,8872.019,3581.407,17186.059,1087.326,40.161,1980.497,411.419,20705.462,268735.912
2000-11-01,155601.33,37362.342,56471.424,1143.833,7572.449,3501.598,19160.795,1146.445,19.983,1824.594,823.033,22974.85,261652.976
2000-12-01,172605.915,39015.88,63276.41,1181.96,17180.725,3620.64,19689.48,1220.367,15.327,944.6,383.652,22253.426,296881.53
2001-01-01,177287.111,42388.663,68707.077,718.442,18111.842,3191.212,18852.048,1229.325,6.5,1208.647,389.25,21685.77,310404.347
2001-02-01,149735.484,37966.927,61272.407,675.659,10341.503,2697.151,17472.889,1073.044,12.568,1096.331,431.242,20086.074,262689.131
2001-03-01,155269.011,44364.414,62140.712,769.181,11733.006,2852.54,20477.189,1190.023,31.498,1189.04,532.12,23419.87,277128.864
2001-04-01,140670.654,45842.746,56003.026,697.843,10863.376,2821.007,18012.994,1094.991,38.759,1187.239,684.695,21018.678,256898.652
2001-05-01,151592.914,50934.205,61512.445,784.555,10389.989,2739.933,19175.635,1071.38,81.053,1210.741,635.029,22173.838,277954.041
2001-06-01,162615.804,57603.154,68023.098,733.198,11822.84,2891.025,20727.63,1087.828,91.143,1224.773,669.634,23801.008,303689.119
2001-07-01,179060.41,73030.142,69166.04,840.102,11042.027,3053.179,18079.119,1178.533,91.994,1285.783,634.992,21270.421,336191.9
2001-08-01,183116.073,78409.804,68389.496,847.69,14229.427,3178.69,18913.768,1167.238,85.299,1284.821,577.206,22028.332,348171.18
2001-09-01,154158.317,60181.14,63378.451,767.366,7342.486,2874.169,15256.027,1139.01,64.803,1201.462,490.229,18151.531,288701.929
2001-10-01,148930.816,56376.441,60460.967,737.007,6533.933,3046.466,15234.503,1161.727,20.813,1214.638,606.829,18238.51,276085.63
2001-11-01,144116.998,44490.622,62341.711,698.537,5930.721,2879.107,15412.929,1157.17,14.289,1191.821,470.448,18246.657,260457.696
2001-12-01,157402.35,47540.861,67430.878,769.893,6539.071,2975.426,19346.314,1190.232,4.036,1252.855,615.657,22409.094,282658.479
2002-01-01,164358.019,48412.832,70925.863,922.714,6690.369,3255.322,21794.931,1287.483,11.32,1233.474,811.402,25138.61,294565.119
2002-02-01,143048.821,44308.43,61658.274,759.66,5663.816,2843.961,20191.683,1132.195,23.565,1086.12,713.931,23147.494,258282.962
2002-03-01,151485.651,51214.463,63040.647,903.928,8217.375,2960.789,21008.813,1244.968,44.397,1251.774,852.102,24402.054,277822.853
2002-04-01,142304.594,49146.409,58437.062,889.941,7833.581,3196.346,24246.604,1114.735,45.858,1161.6,1024.417,27593.214,261807.933
2002-05-01,151406.4,50275.238,63032.192,909.565,8126.867,3161.186,26662.695,1215.874,57.64,1247.185,1077.641,30261.035,276911.448
2002-06-01,164667.696,65631.018,66371.896,1008.659,7795.86,3395.489,28212.847,1150.799,95.543,1297.599,1126.316,31883.104,308870.618
2002-07-01,183194.702,83917.269,70420.827,1071.146,9912.994,3440.226,25470.647,1262.246,85.537,1377.975,890.455,29086.86,351957.164
2002-08-01,179955.447,84476.868,70777.688,1116.718,9736.862,3369.114,21083.924,1227.097,74.925,1396.219,976.691,24758.856,349432.697
2002-09-01,165366.309,68161.131,64480.79,1053.313,8075.35,3312.989,17086.782,1195.081,52.608,1285.409,735.829,20355.709,310449.882
2002-10-01,159099.295,54200.82,60493.052,907.6,8115.98,3345.97,17171.335,1235.076,30.956,1212.841,734.355,20384.563,286162.717
2002-11-01,156053.655,45160.874,61520.324,894.161,6286.735,3161.171,19730.03,1189.365,28.175,1214.993,655.947,22818.51,273076.92
2002-12-01,172189.765,46100.392,68905.472,1025.279,8111.606,3222.474,21668.54,1236.391,4.307,1278.523,755.194,24942.955,299554.988
2003-01-01,181313.153,50175.746,69211.084,1282.895,12642.106,3269.296,20600.078,1257.64,13.217,1327.981,632.339,23831.255,317894.28
2003-02-01,156982.482,43546.573,60941.869,1131.543,10770.465,2904.744,19779.859,1130.352,17.83,1163.352,745.375,22836.768,276277.676
2003-03-01,155001.775,46699.026,59933.261,1266.782,10222.381,3080.075,24202.272,1212.859,50.027,1339.597,1036.104,27840.859,276203.3
2003-04-01,141959.981,45195.384,56775.591,1304.55,8580.652,3035.914,24758.963,1166.455,60.309,1318.288,1092.766,28396.781,256852.072
2003-05-01,150262.977,49372.964,62201.96,1309.998,8052.721,2928.286,29395.256,1168.695,67.962,1301.322,1006.383,32939.618,274128.906
2003-06-01,162284.631,54452.95,64180.727,1235.341,10999.563,3027.764,28586.3,1222.791,90.682,1289.752,1047.145,32236.67,296180.976
2003-07-01,181852.319,76938.278,69652.754,1292.085,12200.845,3361.135,24843.094,1227.969,62.407,1404.174,953.396,28491.04,345297.416
2003-08-01,185331.824,83249.693,69023.878,1284.069,12478.21,3309.866,22972.029,1219.447,61.992,1383.317,815.429,26452.214,354677.54
2003-09-01,164910.002,59089.941,63583.645,1309.402,8663.542,3079.381,18480.455,1203.498,55.857,1303.166,895.054,21938.03,300635.913
2003-10-01,159322.942,51824.169,60016.207,1291.247,8610.223,3138.89,18428.422,1195.451,35.436,1280.751,897.161,21837.221,284203.678
2003-11-01,158223.194,45327.918,59600.02,1451.497,6479.533,3118.975,19715.265,1151.237,14.031,1284.958,961.433,23126.924,274201.137
2003-12-01,176291.472,44034.897,68611.699,1440.613,9705.402,3274.77,24044.33,1267.837,4.251,1415.334,1104.881,27836.633,303358.853
2004-01-01,180657.421,48253.372,70806.16,1182.127,15434.061,3317.861,22983.306,1294.777,12.61,1262.997,999.445,26553.135,319651.002
2004-02-01,161503.092,50319.875,64101.949,1193.543,9365.821,3019.538,20913.617,1214.123,10.862,1223.129,1021.569,24383.3,289503.818
2004-03-01,154288.419,49801.187,63285.116,1291.7,9731.843,3124.117,22914.281,1241.004,52.929,1291.317,1291.224,26790.755,281522.382
2004-04-01,141470.956,51821.988,58620.255,1345.232,9041.815,3091.004,20887.975,1161.384,56.902,1291.138,1294.857,24692.256,265391.25
2004-05-01,157016.377,62021.808,64917.412,1302.442,10235.93,2989.193,24019.718,1207.536,81.776,1359.191,1701.651,28369.872,298483.162
2004-06-01,167641.906,64685.669,67734.073,1333.262,10841.416,3082.529,25252.345,1224.702,87.876,1305.824,1397.206,29267.953,315318.855
2004-07-01,181491.821,79290.022,71975.04,1284.034,12097.792,3416.472,23318.28,1277.531,82.103,1326.582,1164.37,27168.866,349555.181
2004-08-01,178181.343,77820.688,71068.483,1290.015,11078.134,3317.351,21591.967,1257.163,72.846,1328.558,1050.719,25301.253,342756.014
2004-09-01,164252.923,67853.993,65932.057,1340.976,8677.125,3119.416,20525.261,1188.383,60.632,1238.518,1089.615,24102.409,311176.49
2004-10-01,157605.095,57228.814,62530.352,1268.635,7666.202,3263.623,18862.795,1276.349,33.521,1248.387,1028.873,22449.925,289562.721
2004-11-01,157435.994,49693.034,58940.863,1215.595,6874.438,3074.165,20937.044,1212.013,15.342,1257.977,932.203,24354.579,277234.089
2004-12-01,176755.201,51309.565,68616.627,1204.868,10100.481,3301.615,26210.718,1256.009,7.758,1286.95,1172.009,29933.444,311288.357
2005-01-01,177013.907,51337.627,69828.239,1126.191,12190.178,3333.076,24272.165,1252.144,8.668,1278.347,1131.569,27942.893,314829.218
2005-02-01,155818.014,44912.617,60946.934,1076.051,7314.51,3055.295,21606.774,1063.014,13.082,1123.407,966.482,24772.759,273123.421
2005-03-01,163612.7,51896.973,61538.53,1214.487,8351.9,3287.717,22936.068,1204.252,38.157,1277.929,1560.626,27017.032,289902.307
2005-04-01,143083.239,52016.286,55484.01,1121.459,6952.153,3035.547,23058.359,1187.134,58.263,1222.542,1697.504,27223.802,261692.694
2005-05-01,153957.962,54826.004,62970.464,1191.303,6713.918,3100.697,27278.511,1264.308,81.153,1351.152,1746.43,31721.554,282760.348
2005-06-01,174866.997,75635.493,66144.275,1149.14,10783.859,3173.505,26782.99,1248.056,88.476,1329.134,1796.924,31245.58,331753.269
2005-07-01,186090.757,96819.41,71070.011,1160.882,13033.243,3417.445,25956.842,1272.697,72.329,1381.227,1420.942,30104.037,371591.748
2005-08-01,187573.754,100786.654,71381.55,1171.811,14527.519,3420.414,21565.679,1253.785,75.845,1348.025,1138.032,25381.366,378861.702
2005-09-01,171656.215,73355.483,66738.979,1145.276,12279.15,3258.783,17363.684,1222.659,61.108,1283.007,1468.347,21398.805,328433.886
2005-10-01,162436.793,55940.881,61235.597,1080.067,10177.971,3245.61,18006.36,1247.204,37.665,1205.376,1446.19,21942.795,294116.919
2005-11-01,158797.527,49440.226,62912.709,965.19,6867.442,3189.85,19352.668,1219.61,12.755,1290.21,1609.691,23484.934,282172.944
2005-12-01,177965.18,53992.601,71735.067,1062.287,13033.172,3338.477,22141.157,1256.88,2.793,1330.037,1827.814,26558.681,321126.784
2006-01-01,169236.081,43806.921,71911.532,1156.888,6135.957,3421.613,27436.656,1229.567,12.935,1388.234,2382.633,32450.025,295668.992
2006-02-01,158616.189,47408.989,62615.654,1113.774,4923.427,3051.36,24761.683,1110.817,19.533,1270.35,1921.958,29084.341,277729.393
2006-03-01,161325.115,54921.742,63720.849,1233.513,4013.464,3201.388,24624.609,1261.29,33.404,1344.34,2358.632,29622.275,288416.071
2006-04-01,141426.234,56090.856,57567.204,1180.022,4690.155,2980.116,28555.683,1129.089,52.074,1226.903,2471.762,33435.511,263934.587
2006-05-01,157009.755,65585.605,62775.701,1295.444,4419.887,3039.296,30818.443,1095.602,70.735,1371.355,2458.683,35814.818,294125.688
2006-06-01,169693.478,81060.21,68391.472,1167.067,5766.446,3133.77,29757.284,1199.177,69.702,1328.039,2051.766,34405.968,329212.443
2006-07-01,187820.872,108093.514,72186.494,1267.284,7002.078,3444.309,25439.392,1261.352,61.656,1399.065,1955.064,30116.529,379814.551
2006-08-01,189454.93,106591.666,72016.095,1291.592,8359.695,3477.913,21728.354,1288.959,82.993,1388.888,1655.187,26144.381,381191.891
2006-09-01,161590.354,72673.348,66642.327,1152.884,4645.373,3260.169,17201.461,1219.458,53.99,1307.632,1879.144,21661.685,309964.455
2006-10-01,161389.659,70640.039,57509.306,1185.392,4892.61,3212.569,17055.177,1275.227,32.283,1332.484,2442.13,22137.301,298829.575
2006-11-01,159439.517,53439.693,61392.321,1064.601,4746.863,3181.931,20271.723,1207.438,15.686,1358.822,2540.489,25394.158,283264.926
2006-12-01,173508.951,56128.186,70489.681,1068.348,4570.461,3357.661,21595.951,1290.052,2.713,1382.411,2471.69,26742.817,309123.288
2007-01-01,175739.438,61474.532,74006.184,1154.119,5994.168,3536.108,26044.711,1295.617,12.842,1370.712,2452.315,31176.197,321904.549
2007-02-01,163602.813,57622.071,65224.794,981.405,8883.674,3015.127,18566.633,1122.49,19.244,1200.214,2519.793,23428.374,299329.884
2007-03-01,159811.074,56203.821,64305.153,1233.891,5415.643,3105.695,24163.456,1204.13,48.488,1373.07,3047.092,29836.236,290075.277
2007-04-01,146249.541,60152.848,57301.424,1163.092,5080.29,3055.239,23890.583,1157.975,54.464,1253.621,3171.703,29528.346,273002.434
2007-05-01,157513.281,66469.701,65024.555,1174.573,4873.443,3081.027,26046.976,1154.708,84.192,1348.72,2952.341,31586.937,298136.58
2007-06-01,173512.884,81511.451,68923.074,1153.691,5777.045,3213.441,22816.608,1238.178,84.458,1392.436,2620.416,28152.096,334091.586
2007-07-01,185053.788,97482.676,72738.535,1154.127,5493.795,3433.635,22477.761,1250.382,85.793,1443.056,2158.372,27415.364,365356.556
2007-08-01,190134.816,121338.427,72750.91,1131.65,7186.621,3426.035,19940.551,1254.578,75.163,1439.539,2699.365,25409.196,395968.459
2007-09-01,169391.273,88531.615,67578.578,1119.735,4935.786,3289.762,14742.534,1217.726,68.212,1400.205,2866.722,20295.399,334846.749
2007-10-01,162234.356,78358.024,61689.542,1133.549,4746.874,3245.601,14796.434,1264.546,49.233,1425.648,3376.54,20912.401,311407.946
2007-11-01,159382.455,60636.799,64899.278,1031.212,3136.467,3273.318,15682.053,1210.973,24.302,1425.131,3095.036,21437.495,292359.529
2007-12-01,173829.866,66807.828,71982.726,1022.31,4215.171,3339.037,18341.675,1265.909,5.402,1452.203,3490.232,24555.421,321196.938
2008-01-01,182875.504,72599.901,70734.57,1063.171,4497.816,3337.739,20779.131,1208.838,16.289,1406.708,4273.185,27684.151,335108.701
2008-02-01,166666.355,60042.012,65130.385,972.332,3669.344,3010.026,18788.886,1086.683,35.842,1364.461,3851.749,25127.621,299490.454
2008-03-01,160743.243,62170.58,64716.468,1049.452,3151.5,3123.216,21668.938,1250.801,74.6,1472.452,4782.02,29248.811,294954.459
2008-04-01,146983.024,63046.098,57332.716,1021.23,3400.463,2929.938,22233.932,1218.121,94.141,1503.519,5225.282,30274.995,274713.469
2008-05-01,154915.901,62270.447,64825.901,1043.991,3397.928,2926.978,27221.147,1258.915,98.744,1474.908,5340.284,35393.998,289381.146
2008-06-01,171043.279,84619.977,70319.366,1132.189,4961.967,3114.106,29177.427,1260.302,128.164,1501.889,5140.376,37208.158,335190.884
2008-07-01,186733.456,100320.878,74318.27,1174.4,4156.6,3326.752,25555.086,1278.754,110.878,1608.425,4008.401,32561.544,370030.356
2008-08-01,180576.493,99673.493,72617.066,1146.944,3810.829,3342.45,21229.277,1272.715,105.282,1529.496,3264.406,27401.176,361167.275
2008-09-01,161356.347,79136.03,67053.867,822.953,4170.995,3059.171,16178.192,1233.687,92.597,1426.644,3111.452,22042.572,315599.363
2008-10-01,151840.715,73283.339,62820.353,806.078,3286.13,3063.953,15469.942,1276.855,60.243,1489.617,4756.401,23053.058,295100.568
2008-11-01,154281.198,61454.199,63408.145,720.951,3345.161,3077.395,15667.934,1233.292,28.848,1449.293,4993.646,23373.013,286287.049
2008-12-01,167785.73,64363.646,72931.328,753.185,4393.879,2988.131,20861.491,1261.013,18.687,1506.347,6615.899,30263.437,313215.899
2009-01-01,171925.15,66390.113,74102.489,806.743,6103.606,3030.141,23490.296,1288.81,7.19,1462.399,5950.825,32199.52,322358.242
2009-02-01,140915.785,62138.853,64227.211,783.979,3317.74,2822.827,17812.032,1167.779,30.444,1357.453,5852.175,26219.883,274206.395
2009-03-01,135530.328,68202.743,67240.567,834.474,3349.302,2918.935,21827.454,1300.335,78.107,1553.092,7099.063,31858.051,278076.349
2009-04-01,125934.973,61158.674,59408.407,757.875,2806.622,2664.371,25769.807,1222.104,99.416,1542.336,7457.696,36091.359,252730.922
2009-05-01,131673.058,68145.647,65395.452,772.676,3208.707,2734.677,29559.655,1235.186,110.425,1522.219,6261.961,38689.446,271930.217
2009-06-01,148086.771,84205.182,69734.736,875.787,3243.032,2997.452,29233.395,1208.799,103.413,1558.397,5599.422,37703.426,309142.96
2009-07-01,158233.869,101893.833,72948.979,966.258,3357.822,3227.118,23384.748,1255.4,121.188,1628.483,4954.941,31344.76,340627.879
2009-08-01,163260.483,109239.554,72244.597,1011.646,3641.995,3355.135,19580.417,1251.219,116.291,1603.78,5464.474,28016.181,352753.41
2009-09-01,137144.648,92126.618,65751.794,1022.27,2853.031,3060.667,17358.714,1216.783,94.994,1501.263,4650.708,24822.462,301959.028
2009-10-01,139955.577,72602.726,58020.927,959.788,2560.113,3032.086,19691.068,1221.079,68.101,1533.186,6813.626,29327.06,277131.217
2009-11-01,136809.575,63285.132,59069.208,910.432,2072.284,3048.911,21007.701,1273.265,40.402,1572.312,6875.183,30768.863,265195.542
2009-12-01,166434.036,71589.607,70710.218,930.179,2422.261,3157.818,24729.808,1367.9,21.209,1607.676,6906.058,34632.651,315244.119
2010-01-01,173320.161,74172.736,72569.341,909.391,4348.2,3126.163,22383.072,1311.84,9.866,1502.763,6854.337,32061.878,328445.992
2010-02-01,153044.159,66198.08,65245.37,825.156,2373.098,2894.564,20589.83,1159.038,32.824,1382.241,5431.858,28595.791,290580.427
2010-03-01,144405.633,63430.66,64634.721,1009.675,2470.212,3090.278,20885.663,1306.596,75.999,1591.67,8589.077,32449.005,279041.179
2010-04-01,126951.885,64644.025,57611.073,942.625,2286.351,2932.095,19096.663,1240.251,112.279,1558.147,9764.456,31771.796,255368.054
2010-05-01,143272.494,73665.438,66658.365,1017.214,2994.02,2892.948,25079.217,1310.548,153.172,1576.629,8697.525,36817.091,290500.479
2010-06-01,165491.489,92268.431,68301.322,964.284,3989.252,3093.706,29853.827,1263.676,176.053,1626.765,8049.021,40969.342,334108.484
2010-07-01,179600.499,114624.202,71913.468,963.07,4411.384,3308.174,24516.761,1273.616,161.382,1640.073,6723.891,34315.723,374820.797
2010-08-01,177745.32,121151.269,71574.103,1060.909,3575.462,3318.726,20119.232,1296.912,156.393,1642.191,6685.855,29900.583,378425.789
2010-09-01,148745.672,93004.177,69371.195,953.692,2782.682,3157.071,17265.206,1252.569,137.581,1574.687,7105.502,27335.545,318014.489
2010-10-01,132269.835,77738.337,62750.833,807.935,2227.557,3002.77,17682.976,1222,75.436,1547.063,7943.808,28471.283,278797.267
2010-11-01,135185.045,69226.56,62655.206,907.138,2079.442,3080.205,19561.55,1252.33,76.795,1625.338,9747.619,32263.632,273133.596
2010-12-01,167258.086,77573.32,73683.304,951.698,3523.354,3275.46,23169.071,1329.837,44.401,1649.639,9059.297,35252.245,326265.222
2011-01-01,170802.679,74254.334,72742.813,929.788,3457.108,3289.926,25531.094,1346.945,39.782,1514.838,8550.495,36983.154,325476.648
2011-02-01,138311.157,65923.983,64789.078,807.475,2434.16,2937.029,24131.226,1215.006,85.299,1426.672,10451.562,37309.765,275202.882
2011-03-01,134845.231,65947.12,65661.598,945.344,2692.463,3080.551,31134.471,1337.484,122.3,1565.031,10544.646,44703.932,273172.307
2011-04-01,124488.257,70028.999,54547.338,917.536,2423.777,2797.961,31194.307,1239.063,164.006,1502.544,12421.657,46521.577,255203.868
2011-05-01,137101.565,75242.797,57012.914,874.641,2378.474,2794.342,32586.926,1317.548,190.669,1563.179,11772.161,47430.483,275404.733
2011-06-01,158055.213,90691.112,65270.134,1012.788,2593.715,3230.061,32151.214,1214.562,222.773,1631.657,10985.069,46205.275,320853.023
2011-07-01,176585.82,119623.591,72344.85,1098.043,3154.067,3361.934,31284.635,1269.04,191.102,1689.74,7488.629,41923.146,376168.305
2011-08-01,171280.534,119855.793,71338.566,1087.147,2594.309,3383.756,25763.578,1274.632,229.163,1692.393,7473.594,36433.36,369540.105
2011-09-01,140941.149,91739.07,66848.854,1004.496,2423.86,3178.464,21377.592,1225.547,185.72,1589.088,6869.029,31246.976,306135.893
2011-10-01,126626.973,78819.207,63336.97,941.066,2062.076,2953.911,19787.39,1280.628,158.86,1630.97,10525.429,33383.277,274740.203
2011-11-01,121462.711,75441.298,64473.88,942.856,1782.601,3087.888,20680.527,1271.218,107.37,1684.402,12438.553,36182.07,267191.234
2011-12-01,132928.716,86121.626,71837.372,1005.019,2185.635,3353.243,23731.944,1324.395,120.654,1731.249,10655.775,37564.017,297431.611
2012-01-01,129090.99,90760.884,72381.186,1016.599,2477.158,3313.682,23107.181,1263.252,95.32,1601.15,13632.395,39699.298,299040.499
2012-02-01,113872.047,90609.782,63847.023,1044.233,1901.745,3111.455,20283.421,1193.33,135.24,1503.968,11051.982,34167.941,274386.285
2012-03-01,105525.547,92250.653,61728.613,1076.272,1541.354,3033.985,25908.537,1285.149,231.228,1623.477,14026.442,43074.833,265156.424
2012-04-01,96285.441,94828.596,55870.931,1057.215,1503.233,2703.907,26294.124,1248.299,318.723,1583.228,12709.239,42153.613,252249.323
2012-05-01,115982.647,107351.812,62081.445,1002.136,1729.816,2937.316,28642.515,1303.996,462.597,1653.687,12540.523,44603.318,291085.172
2012-06-01,131261.036,115597.503,65140.085,972.41,2067.697,3081.189,26658.751,1277.48,527.068,1611.538,11972.304,42047.141,318119.92
2012-07-01,160450.263,138862.85,69129.329,1042.026,2339.699,3351.847,26491.28,1320.648,509.51,1721.233,8821.542,38864.213,375176.014
2012-08-01,152181.055,131735.864,69602.111,1049.94,2117.982,3370.279,23034.015,1303.839,461.411,1725.555,8468.912,34993.732,360057.231
2012-09-01,125588.608,108012.301,64510.882,903.67,1860.197,3227.466,17603.73,1299.983,458.103,1626.094,8789.666,29777.576,304103.124
2012-10-01,120999.339,91725.371,59743.218,894.958,1805.124,3112.879,16500.61,1329.149,431.427,1715.799,12635.641,32612.626,278280.889
2012-11-01,128727.066,80169.461,56712.757,875.495,1809.861,3190.3,18732.352,1347.052,347.276,1684.004,11648.59,33759.274,271484.94
2012-12-01,134078.908,83989.097,68583.669,962.63,2035.674,3364.827,22983.707,1390.249,348.772,1773.304,14524.467,41020.499,293014.805
2013-01-01,138104.821,88559.05,71405.817,1143.596,2774.72,3399.749,24828.528,1381.88,309.824,1688.273,14738.504,42947.009,305387.753
2013-02-01,123546.805,80283.074,61483.385,968.226,1997.086,3083.028,20418.465,1236.235,432.643,1502.89,14075.591,37665.824,271361.604
2013-03-01,130633.56,84725.259,62947.389,1070.052,1997.037,3299.772,20534.358,1378.216,619.399,1757.147,15755.653,40044.773,284673.069
2013-04-01,111834.683,78036.432,56766.882,1019.726,1885.463,2863.139,25097.105,1274.158,666.739,1680.538,17476.274,46194.814,252406.325
2013-05-01,119512.5,83815.592,62848.155,1087.94,2411.588,3173.934,28450.094,1307.711,752.707,1781.204,16238.702,48530.418,272849.709
2013-06-01,138283.216,99615.064,66429.69,1047.531,2342.07,3330.231,27384.067,1278.254,870.685,1726.958,13748.106,45008.07,311047.802
2013-07-01,152866.853,120770.981,70539.238,1148.253,2812.306,3536.197,27254.572,1336.882,828.847,1797.266,11093.614,42311.181,351673.828
2013-08-01,149426.053,121156.397,71344.379,1143.066,2448.499,3634.034,21633.316,1322.436,944.092,1847.46,9633.884,35381.188,349152.428
2013-09-01,133110.437,102063.233,65798.971,1086.627,2186.182,3353.389,16961.152,1299.3,948.779,1715.768,11674.081,32599.08,307598.839
2013-10-01,120996.393,88587.402,63183.533,1071.518,2018.436,3340.975,17198.594,1363.499,987.533,1730.517,13635.018,34915.161,279198.257
2013-11-01,120939.73,84286.785,64975.456,1060.373,1839.734,3407.005,17676.834,1230.481,824.352,1765.37,15803.26,37300.297,276509.083
2013-12-01,141859.665,92936.291,71293.578,1006.028,2451.324,3606.085,21128.299,1365.619,850.021,1837.098,13967.059,39148.096,313152.971
2014-01-01,157097.369,91062.482,73162.609,932.863,7071.556,3626.348,21633.795,1355.016,751.119,1849.523,17911.214,43500.667,332953.227
2014-02-01,143294.487,75945.21,62638.95,817.236,2762.805,3264.603,17396.129,1206.13,834.992,1686.438,14008.66,35132.349,288723.291
2014-03-01,136442.601,78154.341,62397.08,865.6,3187.887,3609.094,24257.129,1337.666,1317.094,1850.942,17735.883,46498.714,284656.603
2014-04-01,109280.592,76784.849,56384.588,854.188,1753.197,3230.046,25439.907,1313.535,1487.097,1809.578,18635.549,48685.666,248287.46
2014-05-01,118785.801,89120.783,62947.43,944.397,2043.959,3289.759,26543.885,1332.361,1749.655,1849.164,15601.367,47076.432,277132.129
2014-06-01,137576.922,98469.556,68138.232,968.675,2020.594,3622.271,25743.878,1293.375,1923.326,1826.34,15798.817,46585.736,310796.25
2014-07-01,149627.058,115083.446,71940.126,1068.642,2042.143,3807.424,24357.402,1319.572,1787.699,1942.098,12187.392,41594.163,343568.839
2014-08-01,148451.623,122350.005,71128.746,1135.134,2050.309,3761.241,19807.247,1329.209,1879.482,1880.356,10170.521,35066.815,348877.058
2014-09-01,126110.385,106583.68,67534.5,1126.369,1948.466,3462.226,16074.327,1307.519,1832.261,1771.584,11519.768,32505.459,306765.626
2014-10-01,111295.958,97684.697,62390.988,1082.258,1517.731,3422.229,17159.212,1345.091,1716.923,1726.276,14507.931,36455.433,277393.861
2014-11-01,119127.439,84355.857,65140.185,1073.455,1738.049,3507.919,18624.923,1362.469,1379.64,1690.518,18866.929,41924.479,274942.904
2014-12-01,124620.116,91040.21,73362.548,1152.97,2095.166,3736.565,22328.789,1374.999,1031.744,1766.901,14711.249,41213.682,296007.575
2015-01-01,132450.521,101690.973,74269.974,1246.343,2972.967,3716.868,24138.384,1361.915,1155.351,1724.77,15162.146,43542.566,316347.646
2015-02-01,126976.832,91440.169,63461.493,1024.98,6320.621,3371.942,22286.076,1260.099,1483.554,1524.176,14921.545,41475.45,292596.037
2015-03-01,108487.539,99550.145,64546.799,1090.601,1778.491,3456.839,24280.905,1393.994,2072.257,1712.288,15307.929,44767.373,278910.414
2015-04-01,88989.143,92855.546,59784.495,979.333,1727.682,3246.405,22470.977,1272.428,2379.118,1729.256,17867.149,45718.928,247582.604
2015-05-01,104584.527,101624.698,65826.525,1098.725,1938.775,3337.808,20125.416,1390.151,2504.149,1798.756,17151.341,42969.813,278411.058
2015-06-01,125673.114,121567.811,68516.165,1117.609,1860.497,3496.103,20414.084,1301.608,2557.598,1784.078,13421.266,39478.634,322231.299
2015-07-01,139099.869,141241.246,71412.176,1235.443,2304.18,3806.479,21014.221,1356.727,2627.064,1988.778,13675.449,40662.239,359099.393
2015-08-01,134670.309,139215.885,72415.352,1195.578,2133.207,3788.241,19122.105,1344.143,2687.553,1921.428,13080.028,38155.257,353418.572
2015-09-01,117985.632,123110.831,66476.372,1210.12,2034.306,3450.341,16094.122,1202.861,2217.124,1805.487,13971.567,35291.161,314267.602
2015-10-01,96758.504,110109.753,60570.921,906.478,1771.192,3252.216,16630.402,1323.032,1909.58,1843.156,16380.039,38086.209,273369.064
2015-11-01,87227.136,102368.842,60263.941,901.669,1709.888,3417.873,19337.831,1333.628,1729.661,1901.943,19681.716,43984.779,255889.349
2015-12-01,89495.073,109892.103,69633.664,1109.818,1696.944,3587.391,23165.562,1376.988,1569.895,1969.256,20098.373,48180.074,275414.993
2016-01-01,113459.38,110043.747,72524.775,1194.85,2361.453,3600.264,25614.542,1332.006,1485.802,1794.55,18466.402,48693.302,303184.469
2016-02-01,92704.808,98688.199,65638.141,1061.558,2209.303,3406.39,24139.015,1243.384,2241.563,1708.303,20138.228,49470.493,263708.399
2016-03-01,72172.527,103933.123,66148.894,1197.353,1801.055,3402.833,27389.877,1315.159,2617.452,1809.218,21939.409,55071.115,248655.785
2016-04-01,72112.862,98973.799,62731.845,1132.001,1839.05,2967.005,25878.029,1208.97,2879.682,1811.485,20799.303,52577.469,239756.562
2016-05-01,81694.51,110518.533,66576.493,1053.317,1958.154,3187.128,25486.381,1341.84,3425.183,1909.011,18847.899,51010.314,264988.135
2016-06-01,116034.384,131522.997,67175.324,1043.219,1976.789,3413.563,23236.867,1251.393,3473.498,1794.466,16303.441,46059.665,321166.276
2016-07-01,136316.434,151716.164,70349.347,1076.852,2321.549,3657.698,21455.321,1311.215,3944.793,1840.408,17618.357,46170.094,365438.044
2016-08-01,135634.733,154926.025,71526.405,1063.922,2335.463,3722.236,19569.549,1324.264,3969.186,1860.309,13589.326,40312.634,369208.784
2016-09-01,114137.768,125683.451,65448.176,1020.329,1926.135,3407.358,16367.684,1326.676,3635.069,1756.636,16403.64,39489.705,311623.217
2016-10-01,99193.944,102897.986,60733.343,913.244,1571.377,3176.083,17338.857,1353.167,3191.224,1693.104,20335.39,43911.742,268485.977
2016-11-01,86940.462,93950.833,65178.776,1013.326,1869.072,3391.222,18808.265,1363.85,2767.144,1891.249,19405.642,44236.15,252343.691
2016-12-01,118746.842,96416.065,71662.429,1037.462,2035.406,3615.449,22527.765,1453.884,2423.523,1944.492,23145.525,51495.189,293513.653
2017-01-01,115332.808,95661.247,73120.612,1046.564,2045.775,3502.178,26627.881,1406.967,2323.986,1897.391,20798.771,53054.996,290709.184
2017-02-01,86822.19,82836.975,63560.371,977.644,1591.883,3185.521,23881.765,1238.872,2751.199,1697.118,22091.109,51660.063,238974.584
2017-03-01,89364.62,95214.2,65093.2,1060.248,1655.495,3455.802,29613.195,1387.185,4514.085,1847.569,25730.617,63092.651,255843.565
2017-04-01,81335.313,88562.37,56743.352,1001.36,1290.668,3146.376,29409.466,1341.221,4906.678,1741.69,25377.943,62776.998,232079.439
2017-05-01,92776.541,98074.116,61312.753,1055.752,1816.995,3188.454,32607.115,1301.858,5785.027,1849.796,23067.639,64611.435,258224.611
2017-06-01,107508.322,117351.493,67010.782,992.976,1892.864,3437.011,30575.296,1283.75,6115.379,1796.52,20141.747,59912.692,298193.448
2017-07-01,127697.82,147041.803,71314.219,1047.488,1809.594,3702.896,26598.247,1372.704,5569.106,1823.779,16119.996,51483.832,352613.82
2017-08-01,119488.385,141307.828,72384.218,1133.26,1733.107,3750.568,22033.856,1362.996,5368.537,1824.891,13878.848,44469.128,339797.366
2017-09-01,98202.046,118131.705,68097.918,1059.443,1643.037,3291.751,19151.755,1331.503,5059.441,1702.546,17911.775,45157.02,290425.9
2017-10-01,89775.524,106895.199,65994.785,998.167,1545.345,3303.263,17698.179,1214.124,4649.673,1727.853,24368.703,49658.532,268512.283
2017-11-01,90986.339,95072.307,66617.853,1001.041,1669.858,3426.085,19888.334,1304.684,3208.749,1804.841,22614.867,48821.475,258773.483
2017-12-01,106545.367,111553.286,73699.572,1095.024,2695.323,3733.613,22247.842,1380.91,3035.005,1895.898,22200.681,50760.336,299322.185
2018-01-01,119284.115,110441.982,74649.04,1096.622,6519.897,3685.99,25064.077,1341.307,3318.975,1816.607,25598.822,57139.788,315677.646
2018-02-01,82050.182,98675.286,64790.03,1092.121,1557.634,3234.951,24902.258,1274.093,3896.414,1716.064,23189.489,54978.318,251400.204
2018-03-01,80625.663,106742.016,67032.656,1158.37,1471.84,3547.442,25860.604,1366.753,5056.238,1821.764,26463.704,60569.063,260577.987
2018-04-01,73346.006,98671.585,59133.155,1098.511,1538.279,3101.87,28115.155,1187.937,6056.727,1725.698,26430.857,63516.374,236889.406
2018-05-01,85227.3,115564.638,67320.248,1167.264,1556.805,3351.715,30444.284,1382.62,6849.012,1731.562,23953.128,64360.606,274187.97
2018-06-01,101503.427,131085.723,69687.556,1091.26,1900.568,3470.749,27597.488,1299.835,7414.667,1719.995,24702.856,62734.841,308739.283
2018-07-01,115376.376,165075.426,72456.009,1171.62,1901.008,3749.456,25099.529,1369.611,6754.876,1750.031,16446.574,51420.621,359729.895
2018-08-01,115129.456,162000.634,72282.467,1301.002,1926.706,3629.802,22016.905,1367.055,6695.408,1757.519,19846.437,51683.324,356270.067
2018-09-01,96543.992,142085.186,64724.753,1104.358,1854.029,3280.616,19165.621,1327.908,5960.901,1589.557,18519.671,46563.658,309592.934
2018-10-01,87263.627,123280.446,59396.905,1016.002,1576.709,3215.944,19548.191,1273.09,4969.691,1743.386,21193.898,48728.256,275749.633
2018-11-01,92818.594,108265.012,63954.37,1045.119,1661.133,3263.571,21912.716,1330.844,3742.765,1724.295,22015.734,50726.354,271007.799
2018-12-01,100318.6,109955.097,71657.288,1120.499,1761.02,3404.054,22797.161,1446.081,3109.64,1799.287,24306.284,53458.453,288216.558
2019-01-01,100904.704,121808.277,73700.844,1024.676,2212.757,3465.284,24797.808,1389.937,3580.208,1672.248,24301.45,55741.651,303116.542
2019-02-01,79929.409,112397.159,64714.894,947.634,1506.804,3042.253,22880.538,1292.578,3835.773,1497.71,22622.753,52129.352,262538.153
2019-03-01,78351.62,116059.146,65079.691,1085.548,1390.094,3216.638,26333.985,1422.499,5898.626,1624.593,25772.678,61052.381,265182.737
2019-04-01,59922.46,104348.632,60580.927,947.682,1182.627,2807.175,27820.177,1254.003,6752.276,1509.57,28915.306,66251.332,229789.503
2019-05-01,71884.625,117296.649,67123.546,1054.012,1673.947,3050.619,31982.042,1341.836,7161.897,1563.806,25779.387,67828.968,262083.398
2019-06-01,78539.504,138087.419,68804.879,1009.041,1519.476,3158.713,28077.763,1328.263,7971.093,1581.342,22445.97,61404.431,291119.032
2019-07-01,100770.785,172281.645,72198.595,1185.362,1794.767,3498.409,24875.398,1375.36,8132.641,1616.881,22100.722,58101.002,351729.563
2019-08-01,94039.706,175270.248,71910.684,1147.351,1731.224,3538.62,22578.668,1393.152,7876.554,1635.717,19978.031,53462.122,347637.833
2019-09-01,85706.692,149938.132,66063.58,1111.97,1503.848,3210.845,18525.76,1367.612,6817.22,1529.597,24513.468,52753.657,307535.067
2019-10-01,66777.231,131113.378,62032.622,923.964,1141.813,3062.939,18305.813,1141.052,6093.466,1573.394,27624.519,54738.244,265051.947
2019-11-01,75549.339,117958.726,64125.425,1046.536,1232.342,3136.843,20217.597,983.532,4363.993,1525.457,25184.359,52274.938,263049.211
2019-12-01,72580.736,131973.428,73073.575,1107.318,1451.045,3355.044,21478.181,1182.894,3453.075,1633.256,26643.84,54391.246,283541.146
2020-01-01,65139.759,136083.78,74169.646,1155.423,1548.373,3326.081,24497.857,1147.531,4458.877,1654.169,28121.411,59879.845,281423.062
2020-02-01,56201.468,128017.928,65910.574,1152.064,1289.149,3119.953,25868.062,1230.178,5561.409,1512.221,29110.495,63282.365,255691.136
2020-03-01,50730.628,126186.58,63997.21,1047.384,1395.139,3170.138,23823.017,1465.168,6349.645,1646.54,29319.783,62604.153,246527.079
2020-04-01,40675.202,110563.815,59170.016,802.062,1239.419,2843.801,23194.355,1378.947,7920.729,1557.601,29752.229,63803.861,215294.315
2020-05-01,46526.626,117185.646,64337.97,884.258,1301.418,2918.802,29976.161,1362.269,9653.406,1589.522,28377.505,70958.863,233154.72
2020-06-01,65283.17,143055.423,67205.083,866.538,1618.276,2822.908,27999.384,1274.121,9654.006,1456.396,30212.405,70596.312,280851.398
2020-07-01,89709.483,181568.064,69385.44,937.327,1751.327,3022.18,26741.779,1331.287,10609.773,1541.453,22866.198,63090.49,346373.821
2020-08-01,91145.411,173644.417,68982.187,1093.539,1674.322,3159.941,23283.558,1323.024,9315.422,1560.81,23029.332,58512.146,339699.817
2020-09-01,68406.745,141397.455,65727.317,1012.924,1194.016,2895.426,18678.81,1288.005,7732.322,1482.879,23185.978,52367.994,280633.883
2020-10-01,59804.589,131412.579,59362.465,917.747,1227.145,2840.222,18810.406,1287.561,7085.185,1489.002,28822.663,57494.817,255564.747
2020-11-01,61182.186,109810.78,61759.977,949.818,1411.539,2951.334,20892.659,1398.789,5766.519,1452.646,33129.405,62640.018,238065.634
2020-12-01,78587.629,127863.172,69870.978,999.396,1690.894,3148.157,21507.847,1402.816,5091.423,1549.434,32010.645,61562.165,282160.226
2021-01-01,81482.641,125959.747,71732.463,1077.427,1602.822,3272.554,25813.97,1371.889,5725.537,1624.068,30452.092,64987.556,285127.654
2021-02-01,87848.523,111110.664,62954.16,845.947,2407.593,2916.557,21623.758,1314.525,6412.561,1424.519,26869.783,57645.146,268083.444
2021-03-01,62036.593,106565.144,63708.238,854.069,1435.501,3207.431,21573.593,1248.749,9271.77,1614.621,39943.709,73652.442,237806.976
2021-04-01,53989.196,106920.249,57092.024,854.562,1145.195,2713.884,19201.097,1294.629,10830.054,1520.038,36178.956,69024.774,222715.11
2021-05-01,63900.307,114131.496,63394.115,885.752,1312.431,3077.469,22794.735,1366.222,12292.156,1567.037,33555.413,71575.563,246701.57
2021-06-01,87356.08,148842.629,66070.373,931.565,1306.498,3174.491,24075.398,1413.832,11841.059,1505.026,26610.566,65445.881,307681.636
2021-07-01,101600.32,169662.613,68831.593,1009.711,1511.515,3280.248,22113.131,1395.129,11914.745,1527.797,21539.597,58490.399,345896
2021-08-01,101922.575,172859.149,69471.331,1027.529,1916.37,3369.662,20954.301,1362.384,11812.901,1508.937,26782.805,62421.328,350566.616
2021-09-01,78890.836,138061.58,64483.543,981.527,1546.441,3100.997,17966.371,1358.916,11106.288,1483.442,28676.032,60591.049,287064.924
2021-10-01,62613.554,131489.744,56944.505,1048.409,1498,3010.271,17998.995,1310.476,9242.512,1489.528,32440.078,62481.589,256604.483
2021-11-01,57159.849,122458.121,62749.318,877.322,1622.572,2857.918,20459.863,1346.98,7873.778,1446.089,36042.635,67169.345,247725.1
2021-12-01,59878.052,127168.673,70719.837,889.284,1476.845,3188.972,25649.675,1454.154,6354.878,1597.551,40675.582,75731.84,263321.663
2022-01-01,87505.587,136317.103,70576.875,971.401,3784.942,3084.085,27016.979,1499.622,8003.896,1488.615,38193.633,76202.745,302239.993
2022-02-01,70761.756,115615.259,61861.903,832.322,1604.619,2991.538,23669.921,1250.063,9202.56,1336.161,38162.282,73620.987,253667.397
2022-03-01,60767.67,112002.542,63153.701,894.172,1422.594,3020.778,26139.444,1326.45,11890.566,1449.529,43230.383,84036.372,241261.457
2022-04-01,55056.19,105934.05,55289.54,903.778,1237.486,2733.715,20194.347,1276.166,13484.08,1364.032,46217.243,82535.868,221154.759
2022-05-01,62288.238,127926.186,63381.624,1050.266,1524.488,3073.482,23951.821,1336.218,15151.118,1440.366,41891.907,83771.43,259244.284
2022-06-01,73202.184,155406.346,65663.341,836.828,1573.751,3260.665,26976.824,1339.986,15916.899,1456.217,33689.194,79379.12,299943.115
2022-07-01,86325.786,189604.353,68856.919,1121.965,1404.43,3498.719,25762.307,1409.581,15651.465,1492.229,29344.334,73659.916,350812.172
2022-08-01,85033.262,189038.93,68896.917,968.602,1585.396,3376.09,23197.262,1407.228,14282.331,1444.441,24373.707,64704.969,348899.197
,,,,,,,,,,,,,
,190134.816,,,,,,,,,,,,
